Actual,Predicted
2000,2458.5
1300,2458.0
1700,2458.5
1400,2318.6666666666665
2200,2458.5
2300,2458.5
1700,2458.0
1300,2318.6666666666665
2500,2458.5
2550,2458.5
1600,2458.5
1400,2192.3333333333335
1700,2162.3333333333335
2000,2124.6666666666665
2100,2316.0
2200,2477.3333333333335
2300,2654.8333333333335
2400,2885.8333333333335
2500,2984.1666666666665
2600,3028.6666666666665
2700,3125.1666666666665
2800,3221.0
2900,3310.6666666666665
3000,3416.0
