Actual,Predicted
3400,3248.8333333333335
3100,3029.0
2500,2488.1666666666665
3300,3278.0
2200,2305.0
